field	entity	script	vanilla_byte	echo_entity	echo_script	echo_byte	opcode	echo_opcode	status	left_anchors	right_anchors	field_name	vanilla_script_sha256	echo_script_sha256	text
116	0	0	160	0	0	205	0x24	0x24	mapped	8	8	md1stin	18E7F7E7DD47A52C98255001DA76578D335AF5F4CA238ADA81FCD5EC6FEB6FA2	AC918E9D3752DAAB116A4A384BC9E7D6BA1DD5185CA558E07E1C6ED9F343F5C5	A train pulls into the station beside a metal platform under green industrial light.
116	0	0	192	0	0	237	0x24	0x24	mapped	8	6	md1stin	18E7F7E7DD47A52C98255001DA76578D335AF5F4CA238ADA81FCD5EC6FEB6FA2	AC918E9D3752DAAB116A4A384BC9E7D6BA1DD5185CA558E07E1C6ED9F343F5C5	Avalanche fighters leap down and rush the platform, knocking two Shinra guards to the ground.
116	0	0	204	0	0	246	0x24	0x03	reviewed	8	8	md1stin	18E7F7E7DD47A52C98255001DA76578D335AF5F4CA238ADA81FCD5EC6FEB6FA2	AC918E9D3752DAAB116A4A384BC9E7D6BA1DD5185CA558E07E1C6ED9F343F5C5	Barret, a towering man with a gun-arm, steps off. Cloud flips down behind him, an enormous sword on his back.
116	0	0	269	0	0	295	0x24	0x24	mapped	5	5	md1stin	18E7F7E7DD47A52C98255001DA76578D335AF5F4CA238ADA81FCD5EC6FEB6FA2	AC918E9D3752DAAB116A4A384BC9E7D6BA1DD5185CA558E07E1C6ED9F343F5C5	Barret motions for Cloud to follow and charges up the platform, leaving the fallen guards behind.
117	0	0	82	0	0	91	0x24	0x24	mapped	7	8	md1_1	E9FE8B1B2D880A6B13BDF06B909C7BF9B9F9970804197B218AFD52E3314C3CA7	77A6CF630E9E777FD7CC83BC154F9E979E65E7EBF4CC9981A50B42E15CF2277E	Cloud catches up with Biggs, Jessie, and Wedge at a locked security gate. Barret charges in, jabbing a finger as he orders them to split up.
117	0	0	85	0	0	94	0xF1	0xF1	mapped	7	8	md1_1	E9FE8B1B2D880A6B13BDF06B909C7BF9B9F9970804197B218AFD52E3314C3CA7	77A6CF630E9E777FD7CC83BC154F9E979E65E7EBF4CC9981A50B42E15CF2277E	Jessie works the controls. The two heavy doors unlock and slide apart.
117	0	0	122	0	0	131	0x24	0x24	mapped	8	8	md1_1	E9FE8B1B2D880A6B13BDF06B909C7BF9B9F9970804197B218AFD52E3314C3CA7	77A6CF630E9E777FD7CC83BC154F9E979E65E7EBF4CC9981A50B42E15CF2277E	Jessie, Biggs, and Wedge run through the open gate one after another.
117	0	0	134	0	0	143	0x24	0x24	mapped	8	6	md1_1	E9FE8B1B2D880A6B13BDF06B909C7BF9B9F9970804197B218AFD52E3314C3CA7	77A6CF630E9E777FD7CC83BC154F9E979E65E7EBF4CC9981A50B42E15CF2277E	Barret gives Cloud one last suspicious look, then runs after the others. Left alone, Cloud turns toward the towering reactor.
125	3	5	54	3	5	54	0x24	0x24	mapped	6	2	nmkin_5	A5D45A3B65E3BDAC80DA381D552DB1A9C6D79605983E759D6CC818F0E5BBF6EF	1DF9D7ECC91F519364A25DAC22F56C134BFC7A2850126188081704E6D5EAE972	The reactor flashes red. Cloud freezes on tiptoe as a sharp hum pierces his thoughts.
125	3	6	34	3	6	34	0x24	0x24	mapped	5	7	nmkin_5	A5D45A3B65E3BDAC80DA381D552DB1A9C6D79605983E759D6CC818F0E5BBF6EF	1DF9D7ECC91F519364A25DAC22F56C134BFC7A2850126188081704E6D5EAE972	Cloud kneels beside the reactor machinery and begins setting the bomb.
125	3	6	89	3	6	89	0x24	0x24	mapped	8	3	nmkin_5	A5D45A3B65E3BDAC80DA381D552DB1A9C6D79605983E759D6CC818F0E5BBF6EF	1DF9D7ECC91F519364A25DAC22F56C134BFC7A2850126188081704E6D5EAE972	Cloud finishes arming the bomb and rises.
136	0	0	50	0	0	50	0x24	0x24	mapped	8	5	md8_4	05160146CF232CD438365D9968E44C343186F1FD9E63047BA1E7DDCC847B2CB0	5D83D2209AC8F0F5D078BDA6BB458994F5D8386AA0866EB780215EC86ECDF6EE	In a smoke-filled service tunnel, Jessie kneels beside a bomb fixed to the rubble blocking Avalanche's escape.
136	0	0	108	0	0	108	0x24	0x24	mapped	4	8	md8_4	05160146CF232CD438365D9968E44C343186F1FD9E63047BA1E7DDCC847B2CB0	5D83D2209AC8F0F5D078BDA6BB458994F5D8386AA0866EB780215EC86ECDF6EE	Biggs and Wedge look back toward the ruined reactor. Barret stands apart in grim silence.
136	0	0	161	0	0	161	0x24	0x24	mapped	8	2	md8_4	05160146CF232CD438365D9968E44C343186F1FD9E63047BA1E7DDCC847B2CB0	5D83D2209AC8F0F5D078BDA6BB458994F5D8386AA0866EB780215EC86ECDF6EE	At Jessie's warning, everyone turns away from the charge and braces for the blast.
133	7	1	3	7	1	3	0xF1	0xF1	mapped	1	4	md8_1	5EEF9AFA4F74878FBE1EBD03F66538445D535CFC797FFC938A1C9675C8E6290F	2446C550CEC2165B7A9DDA25C3F915A8F2AC64076F0E0D1B3C5A2FB8117A407C	Jessie's bomb detonates. Fire and smoke punch through the rubble, opening the way outside.
133	0	0	78	0	0	78	0xF9	0xF9	mapped	7	8	md8_1	5EEF9AFA4F74878FBE1EBD03F66538445D535CFC797FFC938A1C9675C8E6290F	2446C550CEC2165B7A9DDA25C3F915A8F2AC64076F0E0D1B3C5A2FB8117A407C	The No. 1 Reactor erupts in a towering fireball. Flames surge through the surrounding Sector 8 streets.
133	0	0	86	0	0	86	0x24	0x24	mapped	7	8	md8_1	5EEF9AFA4F74878FBE1EBD03F66538445D535CFC797FFC938A1C9675C8E6290F	2446C550CEC2165B7A9DDA25C3F915A8F2AC64076F0E0D1B3C5A2FB8117A407C	Cloud leaps through the breach and lands in the street. Barret, Biggs, and Jessie follow one by one.
133	0	0	110	0	0	113	0x24	0x24	mapped	8	5	md8_1	5EEF9AFA4F74878FBE1EBD03F66538445D535CFC797FFC938A1C9675C8E6290F	2446C550CEC2165B7A9DDA25C3F915A8F2AC64076F0E0D1B3C5A2FB8117A407C	Wedge tumbles out last, runs in a panicked circle, and pats at his smoking clothes.
133	0	0	160	0	0	163	0x24	0x24	mapped	6	6	md8_1	5EEF9AFA4F74878FBE1EBD03F66538445D535CFC797FFC938A1C9675C8E6290F	2446C550CEC2165B7A9DDA25C3F915A8F2AC64076F0E0D1B3C5A2FB8117A407C	Biggs, Wedge, and Jessie nod to Barret, then split up and run in different directions.
133	0	0	175	0	0	178	0x24	0x24	mapped	8	4	md8_1	5EEF9AFA4F74878FBE1EBD03F66538445D535CFC797FFC938A1C9675C8E6290F	2446C550CEC2165B7A9DDA25C3F915A8F2AC64076F0E0D1B3C5A2FB8117A407C	Barret starts after them. Cloud raises a hand and calls him back.
134	0	0	5	0	0	5	0xF2	0xF2	mapped	1	7	md8_2	4257F76CD25E9EDAE05F276681E507A6B7A9BC3121D4D2A106394D6593F04607	78237C6F8F4CC620615414BFC363536E4E062D00AAD50E9AA3D70001D7650022	The view sweeps past glowing LOVELESS billboards before settling on a debris-strewn Sector 8 street.
134	0	0	42	0	0	42	0x24	0x24	mapped	7	8	md8_2	4257F76CD25E9EDAE05F276681E507A6B7A9BC3121D4D2A106394D6593F04607	78237C6F8F4CC620615414BFC363536E4E062D00AAD50E9AA3D70001D7650022	Panicked pedestrians rush through the square. One knocks the flower girl down; she gets up, dusts herself off, and approaches Cloud.
134	2	5	0	2	5	0	0xF1	0xF1	mapped	0	4	md8_2	4257F76CD25E9EDAE05F276681E507A6B7A9BC3121D4D2A106394D6593F04607	78237C6F8F4CC620615414BFC363536E4E062D00AAD50E9AA3D70001D7650022	The flower girl smiles and places a flower in Cloud's hand.
137	1	9	65	1	9	65	0xF1	0xF1	mapped	8	1	md8brdg	A0B8B4CD658587B12AD5FBB48611C535E761D1073AD1E3BC656D8C3108BD58F4	CC6BBCBB4FC1B903A81040608CDD0CAD90018282EC850DAFBA0BFF541F8FEB91	A train whistles below. Soldiers pour in from both sides, closing a ring around Cloud above the tracks.
137	0	3	401	0	3	393	0x24	0x24	mapped	4	8	md8brdg	A0B8B4CD658587B12AD5FBB48611C535E761D1073AD1E3BC656D8C3108BD58F4	CC6BBCBB4FC1B903A81040608CDD0CAD90018282EC850DAFBA0BFF541F8FEB91	The soldiers rush him. Cloud vaults over the railing, drops onto the train roof, and lands in a crouch as it speeds into the tunnel.
138	11	3	153	10	3	153	0x24	0x24	mapped	7	8	cargoin	7B57EFEB2B8B3B5641D5DD3165563AA5D7A4A6312265FAD9884EC2BC6C1DC559	BFDAFB31AC429BCD2AE35596E97E2317869BD69C56218DBBEE06804146DD802D	The freight-car hatch slides open. Cloud drops inside, his face blackened with soot, as the others turn toward him.
138	15	8	84	14	8	84	0x24	0x24	mapped	7	6	cargoin	7B57EFEB2B8B3B5641D5DD3165563AA5D7A4A6312265FAD9884EC2BC6C1DC559	BFDAFB31AC429BCD2AE35596E97E2317869BD69C56218DBBEE06804146DD802D	Jessie shuts the roof hatch, notices the soot on Cloud's face, and steps close to gently wipe it away.
138	15	8	224	14	8	224	0x24	0x24	mapped	7	8	cargoin	7B57EFEB2B8B3B5641D5DD3165563AA5D7A4A6312265FAD9884EC2BC6C1DC559	BFDAFB31AC429BCD2AE35596E97E2317869BD69C56218DBBEE06804146DD802D	Jessie crosses to the floor hatch and drops into the passenger car below. The others follow.
138	11	8	9	10	8	9	0x24	0x24	mapped	3	6	cargoin	7B57EFEB2B8B3B5641D5DD3165563AA5D7A4A6312265FAD9884EC2BC6C1DC559	BFDAFB31AC429BCD2AE35596E97E2317869BD69C56218DBBEE06804146DD802D	Cloud takes one last look around the freight car, then follows them through the hatch.
143	13	6	28	13	6	28	0x24	0x24	mapped	5	5	rootmap	F6985910DC84A28DD52D4E7BB08514FCF86ED9C77E1C2FC76105DAD08965A8F4	DA4219591F27CC779B1C8AB9C4B24D517A198B4D53D2A433142AE53D5B8A95D7	Jessie activates the wall monitor. A glowing green model of Midgar forms above it: the upper plate, the slums beneath, and the central support pillar.
143	0	4	4	0	4	4	0x24	0x24	mapped	1	8	rootmap	F6985910DC84A28DD52D4E7BB08514FCF86ED9C77E1C2FC76105DAD08965A8F4	DA4219591F27CC779B1C8AB9C4B24D517A198B4D53D2A433142AE53D5B8A95D7	The display changes to the train's spiral route around the pillar, with security checkpoints lighting up along the track.
139	17	1	5	17	1	5	0xF9	0xF9	mapped	2	3	tin_1	7200B72B94E64CC73E8EFBC5BC622451EF49FBCEB09E8FDCE2CC2679028CD5FB	B9E20AE4F0E48F84C49C0816A7B7AFC487F30B572AE0EB67EE13A361DF97CBB5	The train races along elevated tracks through Midgar's industrial undercity, spiraling beneath the enormous plate overhead.
139	31	11	60	31	11	60	0x24	0x24	mapped	6	4	tin_1	7200B72B94E64CC73E8EFBC5BC622451EF49FBCEB09E8FDCE2CC2679028CD5FB	B9E20AE4F0E48F84C49C0816A7B7AFC487F30B572AE0EB67EE13A361DF97CBB5	Biggs, Wedge, and Jessie hurry into the next car while Barret stalks down the aisle toward a Shinra employee.
139	31	13	21	31	13	21	0xF1	0xF1	mapped	5	6	tin_1	7200B72B94E64CC73E8EFBC5BC622451EF49FBCEB09E8FDCE2CC2679028CD5FB	B9E20AE4F0E48F84C49C0816A7B7AFC487F30B572AE0EB67EE13A361DF97CBB5	Barret slams a fist into the wall above the seated Shinra employee, making him jump, then springs back and aims his gun-arm at him.
139	31	17	23	31	17	23	0xF1	0xF1	mapped	6	6	tin_1	7200B72B94E64CC73E8EFBC5BC622451EF49FBCEB09E8FDCE2CC2679028CD5FB	B9E20AE4F0E48F84C49C0816A7B7AFC487F30B572AE0EB67EE13A361DF97CBB5	At the blocked end of the train, Barret forces open a side door. The maintenance tunnel races past outside.
139	19	1	0	19	1	0	0x24	0x24	mapped	0	8	tin_1	7200B72B94E64CC73E8EFBC5BC622451EF49FBCEB09E8FDCE2CC2679028CD5FB	B9E20AE4F0E48F84C49C0816A7B7AFC487F30B572AE0EB67EE13A361DF97CBB5	The train car's lighting turns red as Shinra's security system begins locking the cars one by one.
146	1	0	51	1	0	51	0xF1	0xF1	mapped	8	7	mds7st3	11718F77474C2240361AD55B923174EE0D56F63750F837E8F5BA746A6FCDBB76	4DEAC2AC43D2F40076793B911B51F7785A6CE803EC760EC722659167A984B398	The train emerges from the tunnel and brakes beside the Sector 7 platform.
146	12	3	29	12	3	29	0x24	0x24	mapped	6	8	mds7st3	11718F77474C2240361AD55B923174EE0D56F63750F837E8F5BA746A6FCDBB76	4DEAC2AC43D2F40076793B911B51F7785A6CE803EC760EC722659167A984B398	Barret jumps down from the train. Biggs, Wedge, Jessie, and Cloud follow one by one.
146	12	3	97	12	3	97	0x24	0x24	mapped	8	7	mds7st3	11718F77474C2240361AD55B923174EE0D56F63750F837E8F5BA746A6FCDBB76	4DEAC2AC43D2F40076793B911B51F7785A6CE803EC760EC722659167A984B398	Avalanche gathers around Barret on the platform while the train waits behind them.
154	25	4	0	13	4	0	0xF2	0xF2	mapped	0	5	mds7pb_1	C5369C5F747D19989BD1F6A600FA9D3741BE25247AC5CB717DB2C8D075C4513F	C6BF75614285C8E0B5794E5A0F81CF3F9821152C96FB1BB05EA506F2CF824E35	Inside Seventh Heaven, Marlene spots Barret, runs across the bar, and throws her arms around him.
154	19	5	94	8	5	97	0xBA	0xBA	mapped	8	5	mds7pb_1	C5369C5F747D19989BD1F6A600FA9D3741BE25247AC5CB717DB2C8D075C4513F	C6BF75614285C8E0B5794E5A0F81CF3F9821152C96FB1BB05EA506F2CF824E35	Barret opens the concealed entrance beneath the pinball machine and climbs down into Avalanche's basement hideout.
154	20	15	140	9	15	136	0xAF	0xAF	mapped	2	2	mds7pb_1	C5369C5F747D19989BD1F6A600FA9D3741BE25247AC5CB717DB2C8D075C4513F	C6BF75614285C8E0B5794E5A0F81CF3F9821152C96FB1BB05EA506F2CF824E35	As Cloud heads for the door, Tifa darts in front of him and blocks his way.
294	0	0	4	0	0	4	0x6B	0x6B	mapped	2	3	nivl_e1	6CCCE864722DC672502BB1B371504E704D17599BE11FE0540C877761BD0F5D31	031C154048393301438153B1AC5CB73ED6380E5FBB1CA3B4F67C143BC3D8A3B2	Seven years earlier, teenage Cloud waits with Tifa on Nibelheim's water tower beneath a sky crowded with stars.
294	6	1	0	6	1	0	0xE0	0xE0	mapped	0	8	nivl_e1	6CCCE864722DC672502BB1B371504E704D17599BE11FE0540C877761BD0F5D31	031C154048393301438153B1AC5CB73ED6380E5FBB1CA3B4F67C143BC3D8A3B2	A bright shooting star streaks across the sky above them.
154	19	7	135	8	7	135	0x24	0x24	mapped	4	6	mds7pb_1	C5369C5F747D19989BD1F6A600FA9D3741BE25247AC5CB717DB2C8D075C4513F	C6BF75614285C8E0B5794E5A0F81CF3F9821152C96FB1BB05EA506F2CF824E35	Barret grudgingly tosses Cloud his pay.
142	6	0	59	6	0	59	0x24	0x24	mapped	8	6	tin_4	71C4CF715A6BC35F1E0A4A944EC967758BBACE72DFF8C4091DA2785469377C61	A8B4E350855909D2ABD10887E216BBB112C0AC71B9C30C4BB60A886BCFD934D8	The train car turns red. Security alarms pulse as Shinra's scanners identify the group's forged passes.
142	22	2	75	22	2	75	0x24	0x24	mapped	8	3	tin_4	71C4CF715A6BC35F1E0A4A944EC967758BBACE72DFF8C4091DA2785469377C61	A8B4E350855909D2ABD10887E216BBB112C0AC71B9C30C4BB60A886BCFD934D8	A man shoulders past Cloud and hurries toward the next car.
142	23	2	41	23	2	41	0x24	0x24	mapped	8	8	tin_4	71C4CF715A6BC35F1E0A4A944EC967758BBACE72DFF8C4091DA2785469377C61	A8B4E350855909D2ABD10887E216BBB112C0AC71B9C30C4BB60A886BCFD934D8	A woman bumps into Cloud, then bolts toward the next car.
142	18	7	20	18	7	20	0x24	0x24	mapped	5	7	tin_4	71C4CF715A6BC35F1E0A4A944EC967758BBACE72DFF8C4091DA2785469377C61	A8B4E350855909D2ABD10887E216BBB112C0AC71B9C30C4BB60A886BCFD934D8	At the blocked end of the train, Barret forces open a side door. The tunnel races past outside.
142	18	7	110	18	7	110	0x24	0x24	mapped	7	6	tin_4	71C4CF715A6BC35F1E0A4A944EC967758BBACE72DFF8C4091DA2785469377C61	A8B4E350855909D2ABD10887E216BBB112C0AC71B9C30C4BB60A886BCFD934D8	Barret launches himself from the speeding train and lands in the maintenance tunnel.
142	19	6	53	19	6	53	0x24	0x24	mapped	6	6	tin_4	71C4CF715A6BC35F1E0A4A944EC967758BBACE72DFF8C4091DA2785469377C61	A8B4E350855909D2ABD10887E216BBB112C0AC71B9C30C4BB60A886BCFD934D8	Tifa jumps from the train after him.
142	17	10	32	17	10	32	0x24	0x24	mapped	8	8	tin_4	71C4CF715A6BC35F1E0A4A944EC967758BBACE72DFF8C4091DA2785469377C61	A8B4E350855909D2ABD10887E216BBB112C0AC71B9C30C4BB60A886BCFD934D8	Cloud sprints to the open door and leaps into the tunnel.
140	21	8	20	21	8	20	0x24	0x24	mapped	5	8	tin_2	00DA6B10CB1650E1D1F224B9EFB2CFF7E72B404214A2F59097213CAB539A5920	97C33444F40D3F2C3F573389EC39986934610C9CA5C4F08BEB43C14089D8571D	At the blocked end of the train, Barret forces open a side door. The tunnel races past outside.
140	21	8	98	21	8	98	0x24	0x24	mapped	6	6	tin_2	00DA6B10CB1650E1D1F224B9EFB2CFF7E72B404214A2F59097213CAB539A5920	97C33444F40D3F2C3F573389EC39986934610C9CA5C4F08BEB43C14089D8571D	Barret launches himself from the speeding train and lands in the maintenance tunnel.
140	22	4	53	22	4	53	0x24	0x24	mapped	6	6	tin_2	00DA6B10CB1650E1D1F224B9EFB2CFF7E72B404214A2F59097213CAB539A5920	97C33444F40D3F2C3F573389EC39986934610C9CA5C4F08BEB43C14089D8571D	Tifa jumps from the train after him.
140	20	7	33	20	7	33	0x24	0x24	mapped	8	8	tin_2	00DA6B10CB1650E1D1F224B9EFB2CFF7E72B404214A2F59097213CAB539A5920	97C33444F40D3F2C3F573389EC39986934610C9CA5C4F08BEB43C14089D8571D	Cloud sprints to the open door and leaps into the tunnel.
141	15	1	45	15	1	45	0x24	0x24	mapped	6	8	tin_3	BECD4202C846767395B3916F9308279F31AE0685A5791AE7234108345BFE810E	E485975020A20AFE02F48937667D0959DB3E899BD87E9DDE1D0075E98305740A	Tifa takes a breath, then jumps from the speeding train into the tunnel.
141	14	7	97	14	7	97	0x24	0x24	mapped	6	8	tin_3	BECD4202C846767395B3916F9308279F31AE0685A5791AE7234108345BFE810E	E485975020A20AFE02F48937667D0959DB3E899BD87E9DDE1D0075E98305740A	Barret waits until the others are clear, then makes the final jump.
141	13	6	22	13	6	22	0x24	0x24	mapped	6	7	tin_3	BECD4202C846767395B3916F9308279F31AE0685A5791AE7234108345BFE810E	E485975020A20AFE02F48937667D0959DB3E899BD87E9DDE1D0075E98305740A	Cloud runs to the open door and dives from the train.
132	2	7	83	1	7	83	0x24	0x24	mapped	8	8	smkin_5	53B7AD4A80C94B468404F60B0122CE730C87C449B53BBFD4C0667FBF7854D68E	D81FB99E6BE1479D1E5CB14DEF6119E4C2ACE1CBB26B7EF09BEE24098BF9CD4E	Cloud reaches toward the bomb. A red-white flash freezes him as a memory breaks through.
322	0	0	444				0x24		discarded	0	0	nvmkin1	123382BC42495C861A00FEB03975515A946DDA1C3AB1A6EEA5D913BD8C61785F	041864A87EF69864EF3BADC0AE1E3DCC134C7950F712F36D29379BB87A14B0BF	In the memory, Tifa kneels beside her injured father on the floor of the Nibelheim reactor.
322	0	0	446	0	0	456	0x24	0x24	mapped	8	5	nvmkin1	123382BC42495C861A00FEB03975515A946DDA1C3AB1A6EEA5D913BD8C61785F	041864A87EF69864EF3BADC0AE1E3DCC134C7950F712F36D29379BB87A14B0BF	In the memory, Tifa kneels beside her injured father on the floor of the Nibelheim reactor.
322	6	3	104	6	3	104	0x24	0x24	mapped	4	8	nvmkin1	123382BC42495C861A00FEB03975515A946DDA1C3AB1A6EEA5D913BD8C61785F	041864A87EF69864EF3BADC0AE1E3DCC134C7950F712F36D29379BB87A14B0BF	Tifa rises, seizes Sephiroth's sword, and runs deeper into the reactor.
132	2	8	5	1	8	5	0xBC	0xBC	mapped	1	1	smkin_5	53B7AD4A80C94B468404F60B0122CE730C87C449B53BBFD4C0667FBF7854D68E	D81FB99E6BE1479D1E5CB14DEF6119E4C2ACE1CBB26B7EF09BEE24098BF9CD4E	The memory vanishes. Cloud clutches his head, then steadies himself as Tifa watches.
132	2	6	34	1	10	16	0x24	0x24	mapped	4	5	smkin_5	53B7AD4A80C94B468404F60B0122CE730C87C449B53BBFD4C0667FBF7854D68E	D81FB99E6BE1479D1E5CB14DEF6119E4C2ACE1CBB26B7EF09BEE24098BF9CD4E	Cloud kneels at the machinery and begins arming the second reactor bomb.
127	3	3	35	3	3	35	0x24	0x24	mapped	6	8	southmk2	4ACE900425CBE2D4318A0CCC357BEA776963E16B74E60D607288F25E1F495853	765F632D313C62ADD379DB5D52DCD3DC890BFC8496E34E89FF682E5C08F16BA7	The walkway doors seal behind the party. President Shinra appears on an upper platform high above them.
127	4	8	44	4	8	44	0x24	0x24	mapped	6	6	southmk2	4ACE900425CBE2D4318A0CCC357BEA776963E16B74E60D607288F25E1F495853	765F632D313C62ADD379DB5D52DCD3DC890BFC8496E34E89FF682E5C08F16BA7	A red armored Air Buster stomps onto the bridge behind them, cutting off their escape.
127	8	3	0	8	3	0	0xF2	0xF2	mapped	0	8	southmk2	4ACE900425CBE2D4318A0CCC357BEA776963E16B74E60D607288F25E1F495853	765F632D313C62ADD379DB5D52DCD3DC890BFC8496E34E89FF682E5C08F16BA7	A Shinra helicopter descends beside the bridge and hovers behind President Shinra.
127	8	5	12	8	5	12	0xF2	0xF2	mapped	1	5	southmk2	4ACE900425CBE2D4318A0CCC357BEA776963E16B74E60D607288F25E1F495853	765F632D313C62ADD379DB5D52DCD3DC890BFC8496E34E89FF682E5C08F16BA7	President Shinra's helicopter rises from the bridge and carries him away.
127	4	12	19	4	12	19	0x24	0x24	mapped	5	6	southmk2	4ACE900425CBE2D4318A0CCC357BEA776963E16B74E60D607288F25E1F495853	765F632D313C62ADD379DB5D52DCD3DC890BFC8496E34E89FF682E5C08F16BA7	Air Buster breaks apart in a chain of explosions. The blast tears through the bridge, leaving Cloud hanging from the broken edge.
127	2	7	68	2	7	68	0x24	0x24	mapped	8	8	southmk2	4ACE900425CBE2D4318A0CCC357BEA776963E16B74E60D607288F25E1F495853	765F632D313C62ADD379DB5D52DCD3DC890BFC8496E34E89FF682E5C08F16BA7	Cloud's grip slips. He falls into the darkness below.
183	6	7	39	6	7	39	0x6B	0x6B	mapped	7	3	chrin_1b	F1175D2143470B19C973BFC3418ACA5B031894EBD336347C51EB5FB48862D1E0	F0D9BE02364210B5DB70C23A8CA77B5D4D24EF59C68364FCD1A03F4F02DA2A0C	Light reveals a ruined church. Cloud wakes in a bed of yellow flowers, with Aeris beside him.
182	1	1	20	1	1	20	0x01	0x02	reviewed	8	8	chrin_1a	0D79BB84F4E3F67C83DBC678F90F43106CEF3DF88CDB220CEAF150375AD34612	2C08701B4C788C364E405AC6265D988DB0C7D4E0E6626FDF05807DBD76FA69E4	The church doors open. Reno, a red-haired Turk in a blue suit, enters with Shinra soldiers.
184	2	6	31	2	6	31	0x24	0x24	mapped	6	8	chrin_2	B0024FAAC1CA28659CABC11D6E40A61328D3EE1147EB2CFBEF70E91E78EE5856	B02E4931AEF76458B0C17BE0A990E5222D474764BB8B3FCB574D19626C2C36B0	Cloud jumps onto the church's broken rafters and calls for Aeris to follow.
184	8	1	53	8	1	76	0x01	0x01	mapped	7	8	chrin_2	B0024FAAC1CA28659CABC11D6E40A61328D3EE1147EB2CFBEF70E91E78EE5856	B02E4931AEF76458B0C17BE0A990E5222D474764BB8B3FCB574D19626C2C36B0	The falling barrel strikes the soldier below and knocks him down.
184	9	1	50	9	1	73	0x01	0x01	mapped	6	8	chrin_2	B0024FAAC1CA28659CABC11D6E40A61328D3EE1147EB2CFBEF70E91E78EE5856	B02E4931AEF76458B0C17BE0A990E5222D474764BB8B3FCB574D19626C2C36B0	The falling barrel strikes the soldier below and knocks him down.
184	10	1	50	10	1	73	0x01	0x01	mapped	6	8	chrin_2	B0024FAAC1CA28659CABC11D6E40A61328D3EE1147EB2CFBEF70E91E78EE5856	B02E4931AEF76458B0C17BE0A990E5222D474764BB8B3FCB574D19626C2C36B0	The falling barrel strikes the soldier below and knocks him down.
184	8	1	166	8	1	189	0x01	0x01	mapped	8	6	chrin_2	B0024FAAC1CA28659CABC11D6E40A61328D3EE1147EB2CFBEF70E91E78EE5856	B02E4931AEF76458B0C17BE0A990E5222D474764BB8B3FCB574D19626C2C36B0	The falling barrel misses the soldier and crashes to the floor.
184	9	1	208	9	1	231	0x01	0x01	mapped	8	6	chrin_2	B0024FAAC1CA28659CABC11D6E40A61328D3EE1147EB2CFBEF70E91E78EE5856	B02E4931AEF76458B0C17BE0A990E5222D474764BB8B3FCB574D19626C2C36B0	The falling barrel misses the soldier and crashes to the floor.
184	10	1	127	10	1	150	0x01	0x01	mapped	8	6	chrin_2	B0024FAAC1CA28659CABC11D6E40A61328D3EE1147EB2CFBEF70E91E78EE5856	B02E4931AEF76458B0C17BE0A990E5222D474764BB8B3FCB574D19626C2C36B0	The falling barrel misses the soldier and crashes to the floor.
184	11	1	80	11	1	103	0x01	0x01	mapped	8	6	chrin_2	B0024FAAC1CA28659CABC11D6E40A61328D3EE1147EB2CFBEF70E91E78EE5856	B02E4931AEF76458B0C17BE0A990E5222D474764BB8B3FCB574D19626C2C36B0	The falling barrel misses the soldier and crashes to the floor.
181	7	0	35	7	0	35	0x6B	0x6B	mapped	8	8	church	1D67FD6F8A66BCAEFC6BCA80BF62720E8263C8599B606DF4A6741519EEC5B9E0	D720B35CD1A3F3DA6C0C4DD174DF9F5A0E0F04903494CAF7A7CC64DBA29DD658	Cloud and Aeris emerge onto the church roof high above the Sector 5 slums.
181	4	5	7	4	5	7	0x24	0x24	mapped	2	8	church	1D67FD6F8A66BCAEFC6BCA80BF62720E8263C8599B606DF4A6741519EEC5B9E0	D720B35CD1A3F3DA6C0C4DD174DF9F5A0E0F04903494CAF7A7CC64DBA29DD658	Aeris follows Cloud across a broken gap in the roof.
181	3	8	46	3	8	46	0x24	0x24	mapped	8	8	church	1D67FD6F8A66BCAEFC6BCA80BF62720E8263C8599B606DF4A6741519EEC5B9E0	D720B35CD1A3F3DA6C0C4DD174DF9F5A0E0F04903494CAF7A7CC64DBA29DD658	Together they leap from roof to roof toward the slums.
188	0	0	70	0	0	70	0x09	0x09	mapped	7	7	ealin_1	62426A5FF908423E6A3ED20BD48F33D6EEA650EB5377584398D83EA0C92DACB9	6B054511449D71BE5BD2F896C05ACBF590FA2E3CBDAAFB54A773ECD44A797B62	Aeris leads Cloud into her home, where her adoptive mother, Elmyra, comes to greet them.
276	2	1	52	2	1	72	0x03	0x03	mapped	7	8	niv_cl	A3A4DFB09D71ED697DC5088B314EED47A9681B5648A6B03FBDA783100D1E8360	5235D22EE5D4D880F9926868287A4E87FB014AA4E46529FCEE451C8234664797	In a memory of Nibelheim, teenage Cloud sits in his childhood bedroom while his mother comes to speak with him.
190	0	0	90	0	0	90	0x03	0x03	mapped	7	5	ealin_2	FCD85E80B96E59B7DFEEE3F55B7B9C3B7595C423EAAA9F0EFA25863EBB92D9EE	29DFEE06C7B437E5D495BC8CA8A7EE1D7127A27C8EB56D7B44EE5E0FE0BBE0C8	The memory fades. Cloud wakes alone in Aeris's upstairs bedroom.
192	0	3	282	0	3	282	0x03	0x03	mapped	8	8	mds6_2	B68E2207B4695BEA9172EA4B00846559A0B95F3844319458D58B8A9F3A8C031A	29DC0A5A8DF8F20DEF92AC6AA549F4125F0070DEA8F627676512B5DFC5DF723D	In a derelict playground, Aeris sits atop the broken slide. Cloud climbs up beside her.
192	0	3	503	0	3	503	0x03	0x03	mapped	8	7	mds6_2	B68E2207B4695BEA9172EA4B00846559A0B95F3844319458D58B8A9F3A8C031A	29DC0A5A8DF8F20DEF92AC6AA549F4125F0070DEA8F627676512B5DFC5DF723D	Cloud and Aeris look toward the gate as Tifa rides past in a chocobo-drawn carriage.
192	0	3	525	0	3	525	0x03	0x03	mapped	8	6	mds6_2	B68E2207B4695BEA9172EA4B00846559A0B95F3844319458D58B8A9F3A8C031A	29DC0A5A8DF8F20DEF92AC6AA549F4125F0070DEA8F627676512B5DFC5DF723D	Tifa's carriage disappears through the gate. Cloud and Aeris climb down from the slide to follow.
206	7	5	12	7	5	12	0xBC	0xBC	mapped	4	8	colne_1	BAEEC61D43B50018F75CD0BE88A0D8289FC1F72F69896D60803658C11B650786	8260281DCCF851F50516A0F04892B2F48D07D69BAE0D6D4F71535E06F98D6FD1	At Cloud's suggestion that he dress as a woman, Aeris suddenly breaks into laughter. Cloud stares at her, baffled.
220	8	1	73	8	1	73	0xA3	0xA3	mapped	5	5	onna_52	AD21F8761B5B900A51BD6E3AD8DE4C0792BB469A6D70151F572EBFAE73218CA7	06F4B86ED6FF321C9C8E086F062D677D64F4197D0410A8A41FE0D9ACA9A0FBCA	Cloud enters a tiled bath packed with muscular men. Mukki ushers him into the crowded tub.
220	9	1	40	9	1	40	0xB1	0xB1	mapped	6	4	onna_52	AD21F8761B5B900A51BD6E3AD8DE4C0792BB469A6D70151F572EBFAE73218CA7	06F4B86ED6FF321C9C8E086F062D677D64F4197D0410A8A41FE0D9ACA9A0FBCA	In a private room, Cloud finds a translucent double of himself crouched in the corner. The vision confronts him; Cloud clutches his head and collapses.
216	10	1	160	10	1	160	0x24	0x24	mapped	7	4	onna_2	6F1EB9C7EBB3492B958CE5A2D25B293619F383D39C3E6CA62F301A7F4F0B51BB	ED9117B96E28B4592FFBA3C3E3AB0C52C1E4ADEB9EE22F4730C64BF6775B10C7	One of the Honeybee Inn women sits Cloud down and carefully applies his makeup.
201	7	3	26	7	3	26	0xA4	0xA4	mapped	6	1	mkt_s1	330DE7F8EF1753C19D560261F7E49D358CC3E288241ADF0D6767E2CD867EE498	3853911BCBD7677BE7904CC265AED2F996A0ADDF66E2AA0AE56D3DBAF4AB22E4	Behind the curtain, Cloud changes into the dress and wig. He steps back out transformed for the disguise.
210	7	4	0	7	4	0	0xBA	0xBA	mapped	0	6	colne_5	E8010C93FC1B130B682AAE8E76E6BA8514D125ECA7CED55E99A870CFE1315F15	71EF3711DAEC749FA9D7EEEE78385BDA5F545FE385163C917A08B73F2B2FFF2D	Don Corneo points to Cloud and chooses him.
210	7	5	13	7	5	13	0xBC	0xBC	mapped	3	6	colne_5	E8010C93FC1B130B682AAE8E76E6BA8514D125ECA7CED55E99A870CFE1315F15	71EF3711DAEC749FA9D7EEEE78385BDA5F545FE385163C917A08B73F2B2FFF2D	Don Corneo points to Aeris and chooses her.
210	7	6	13	7	6	13	0xBC	0xBC	mapped	3	6	colne_5	E8010C93FC1B130B682AAE8E76E6BA8514D125ECA7CED55E99A870CFE1315F15	71EF3711DAEC749FA9D7EEEE78385BDA5F545FE385163C917A08B73F2B2FFF2D	Don Corneo points to Tifa and chooses her.
208	5	3	22	5	3	22	0xA4	0xA4	mapped	4	5	colne_3	5D0028921DD6CF7102D6815B641BB3334B97268AD4BF1B8DB07AB5CF0A339E17	2B068E6E49D50BB530E3F92E48CD05B923DBF27F8611652406C8F33FAE095C7C	Cloud throws off the dress and wig, revealing his uniform and sword.
211	5	10	31	5	10	31	0xA4	0xA4	mapped	7	2	colne_6	0ED6A2A51EA58A913F17F3E083C4831FE7138C0FA6B62DD9349105760D398183	8ACE60C33A4371CD3B8F81F028D2419AA7DF8BBD8A2E01C7CF76AA4B3C050AD3	Cloud throws off the dress and wig, revealing his uniform and sword.
211	12	9	125	12	9	138	0x01	0x01	mapped	7	6	colne_6	0ED6A2A51EA58A913F17F3E083C4831FE7138C0FA6B62DD9349105760D398183	8ACE60C33A4371CD3B8F81F028D2419AA7DF8BBD8A2E01C7CF76AA4B3C050AD3	Don Corneo presses a hidden switch. The floor opens beneath Cloud, Tifa, and Aeris.
267	0	0	195	0	0	195	0x24	0x24	mapped	8	8	blin70_2	287CDC3497CBD33CF31396E4393AF3BC81774C43C2291F856411F47D4D5A3009	19EEB1A321433F91A63F3F3228FB1E860211EECCA2745D340C5DE51AE1A122AD	President Shinra and his executives sit around a conference table high above Midgar as Reeve objects to the plan to destroy Sector 7.
156	15	5	28	15	5	28	0xA4	0xA4	mapped	7	3	mds7plr1	7D33D724FD6D4079DE40667CFA97E0272A076D36A328C4ADFD40A98B126A5259	4D46023491CE79DCD9696DA967AE6062C2CECA3C31BF41C5AD02E45B9AA01365	High above the slums, Wedge falls from the Sector 7 pillar and crashes onto the ground near Cloud, badly injured.
160	0	0	36	0	0	36	0x01	0x01	mapped	7	8	pillar_3	EEFC969E33F6A5E1716A9992C4E9365DE0514D0E68A63CB80141BC146C9EC5DE	6F3D5C60700ED90BE6275940574FF4D858B70DCB6C1A3D609828DAE9C587E3DF	Reno drops onto the top of the Sector 7 support pillar.
160	6	6	0	6	6	0	0xB1	0xB1	mapped	0	4	pillar_3	EEFC969E33F6A5E1716A9992C4E9365DE0514D0E68A63CB80141BC146C9EC5DE	6F3D5C60700ED90BE6275940574FF4D858B70DCB6C1A3D609828DAE9C587E3DF	Reno presses the plate-release control, activating the support pillar's time bomb.
160	1	3	84	1	3	84	0x01	0x01	mapped	8	8	pillar_3	EEFC969E33F6A5E1716A9992C4E9365DE0514D0E68A63CB80141BC146C9EC5DE	6F3D5C60700ED90BE6275940574FF4D858B70DCB6C1A3D609828DAE9C587E3DF	A helicopter lowers beside the pillar. Tseng is aboard with Aeris held captive.
160	8	11	19	8	11	19	0xF1	0xF1	mapped	5	3	pillar_3	EEFC969E33F6A5E1716A9992C4E9365DE0514D0E68A63CB80141BC146C9EC5DE	6F3D5C60700ED90BE6275940574FF4D858B70DCB6C1A3D609828DAE9C587E3DF	Tseng slaps Aeris across the face.
160	11	3	2	11	3	2	0xF9	0xF9	mapped	1	8	pillar_3	EEFC969E33F6A5E1716A9992C4E9365DE0514D0E68A63CB80141BC146C9EC5DE	6F3D5C60700ED90BE6275940574FF4D858B70DCB6C1A3D609828DAE9C587E3DF	President Shinra watches from his office as the pillar buckles and the Sector 7 plate crashes down, crushing Seventh Heaven and the slums. Cloud, Tifa, and Barret swing away on a cable.
193	0	0	129	0	0	129	0x03	0x03	mapped	8	8	mds6_22	109777CB28EDC4D02DC014B625A017378D7A2048F05C8AD8EAE2977040BCE6AC	F42440B75C6AA648E6E6DCD4530BC9D378E30FDD5BC7BE41E1899648025F8149	Barret runs through the wreckage beneath the fallen plate, desperately searching for Marlene and Avalanche.
193	2	12	120	2	12	120	0xB1	0xB1	mapped	7	6	mds6_22	109777CB28EDC4D02DC014B625A017378D7A2048F05C8AD8EAE2977040BCE6AC	F42440B75C6AA648E6E6DCD4530BC9D378E30FDD5BC7BE41E1899648025F8149	Overcome with grief, Barret raises his gun-arm and fires repeatedly into the air.
147	13	3	20	13	3	20	0x24	0x24	mapped	4	4	mds7st32	2870B92C610CEB0158B1CB7F73E3DD0FEB1D22F409BE456F095A9D340804398A	4641EE9D40C31323B19077965A05253277EA31783F417AEBB7C94716D020B67C	Elmyra waits among families at the station as returning troops reunite with their wives and children. Her husband never appears.
147	13	10	9	13	10	9	0x02	0x02	mapped	2	3	mds7st32	2870B92C610CEB0158B1CB7F73E3DD0FEB1D22F409BE456F095A9D340804398A	4641EE9D40C31323B19077965A05253277EA31783F417AEBB7C94716D020B67C	Wounded Ifalna collapses and dies on the station floor. Young Aeris remains beside her.
189	11	3	4	10	3	4	0xA4	0xA4	mapped	2	1	ealin_12	B515537A96481BB7947E6D48C0DDB1DE1DB648463658F5263A0565AFFC297524	09C5D5DB05C60E2115EB6CFCEF93AFAE044A61D66A23DDA458D32565D4C23034	Years later, Tseng comes to Elmyra's house. Young Aeris stays close to Elmyra while he asks her to return to Shinra.
190	6	3	6	6	3	6	0xBA	0xBA	mapped	1	2	ealin_2	FCD85E80B96E59B7DFEEE3F55B7B9C3B7595C423EAAA9F0EFA25863EBB92D9EE	29DFEE06C7B437E5D495BC8CA8A7EE1D7127A27C8EB56D7B44EE5E0FE0BBE0C8	Barret rushes upstairs and sweeps Marlene into a tight hug.
225	5	3	12	5	3	12	0x01	0x01	mapped	4	8	md0	D91047B165B807FB4F608C2ADDD6D39F429A77A6BDCCFFD0BC4AA8B220097DFE	DC89C974036FFBAA7E0B8ABC0562F4A0F5ACAC2DF55C8EBD5C3B8DA46D080BC9	Cloud, Tifa, and Barret climb a swaying cable through the wreckage toward the towering Shinra Building.
254	0	0	23	0	0	23	0x24	0x24	mapped	7	8	blin66_5	BD785FBA1EA8D87EA61413A4C405EB674FDAFAA884C749C14903CE19CED26DED	99A2882F39D56F65A088CC2D5A27BFFD31FA3B4823F1E0481CED57B5AAC37B6D	From the air duct, Cloud, Tifa, and Barret peer down at President Shinra and his executives gathered around a long conference table.
259	1	3	184	1	3	184	0x66	0x66	mapped	8	8	blin67_3	A70E7511D4D9EE13C9CC25A248A7AB86EFEA22C5A5CC992E43B6D6A7C89DEFE8	CB02FA2D5C0973EF2B0545BB55FF8F1D75A654173225E29A1D9B7F6B9B0DC28F	The camera reveals Jenova's headless, human-shaped body suspended behind glass. It twitches.
263	0	0	99	0	0	112	0x24	0x24	mapped	8	8	blin68_2	ED10E82DD7F9D16E45CDD6DFCA0AF3FAC490460FEA1299756693FF7897131E6E	F729AD7D6EC7FAA1D0BE83A8199D557E85B99FEFB1C8F87C59357253A74FAF80	In Hojo's laboratory, Aeris is sealed inside a glass containment chamber. A red, lion-like beast is held in the adjoining pod.
263	7	6	38	7	6	38	0x01	0x01	mapped	8	7	blin68_2	ED10E82DD7F9D16E45CDD6DFCA0AF3FAC490460FEA1299756693FF7897131E6E	F729AD7D6EC7FAA1D0BE83A8199D557E85B99FEFB1C8F87C59357253A74FAF80	A red beast bursts from the shattered chamber and lunges at Hojo, knocking him down.
267	0	0	33	0	0	33	0x01	0x01	mapped	7	8	blin70_2	287CDC3497CBD33CF31396E4393AF3BC81774C43C2291F856411F47D4D5A3009	19EEB1A321433F91A63F3F3228FB1E860211EECCA2745D340C5DE51AE1A122AD	Rude and Shinra guards march the captured party into President Shinra's office. The President waits behind the circular conference table.
258	1	6	8	1	6	8	0xBA	0xBA	mapped	3	6	blin67_2	76DC6AF4191245D257F1C87A930A2176C26650A726A18B95C3149EA942DA8F1F	47488D91D2EFA8DFC43926AE38D22BEA195322B7D279A74FD72EAB35D14FB580	Cloud wakes in the prison cell and finds its door standing open. Beyond it, a dark trail of blood smears the hallway floor.
267	0	0	286	0	0	286	0x03	0x03	mapped	8	8	blin70_2	287CDC3497CBD33CF31396E4393AF3BC81774C43C2291F856411F47D4D5A3009	19EEB1A321433F91A63F3F3228FB1E860211EECCA2745D340C5DE51AE1A122AD	The party enters President Shinra's office and finds him dead at his desk, Sephiroth's sword driven through him.
267	0	0	340	0	0	340	0x01	0x01	mapped	8	6	blin70_2	287CDC3497CBD33CF31396E4393AF3BC81774C43C2291F856411F47D4D5A3009	19EEB1A321433F91A63F3F3228FB1E860211EECCA2745D340C5DE51AE1A122AD	A helicopter rises outside the office windows. Rufus Shinra, a young man in a long white coat, stands on its open landing platform.
267	6	3	4	6	3	4	0xA4	0xA4	mapped	2	3	blin70_2	287CDC3497CBD33CF31396E4393AF3BC81774C43C2291F856411F47D4D5A3009	19EEB1A321433F91A63F3F3228FB1E860211EECCA2745D340C5DE51AE1A122AD	Palmer emerges from hiding near the President's desk and recoils from the party.
269	1	1	0	1	1	0	0x03	0x03	mapped	0	8	blin70_4	C979A624352606E686684516604DA5548DCF119D4FE3DB62061A4027E91BE507	E0644F4870A1747493555AE7651539B2EAFF9FD62F5C971F5031D50DB9A8AA9B	On Shinra's rooftop, Rufus stands alone across from Cloud, calm and motionless in his long white coat.
234	36	4	0	36	4	0	0xF9	0xF9	mapped	0	3	blin1	32102624A3CCB895349283029750F1758EBAC3B415793A2399866E0673ADD1FA	23A1DD9A56821AE24FF3755D8D5398EA95A5EF3FADC92F2200F50AED21258D8D	The others pile into a display truck while Cloud starts a red motorcycle. The truck smashes through the showroom glass, and both vehicles race down the building's stairs onto the expressway.
226	0	0	11	0	0	81	0x24	0x24	mapped	5	7	roadend	8221E06FFBA2BAD2E95F6F687005A8E07F4AA9CBBD0DB20A8DAEE46459CCEBDA	94E53CF4716EAA334942C0073C330F1823D0CBAAC4DA642BD183DFBA79B5125E	At dawn, the party gathers at the broken highway's end, with open land stretching beyond Midgar.
